"","ncRNA","protein","nc1","nc2","nc3","nc4","nc5","nc6","nc7","nc8","nc9","nc10","nc11","nc12","nc13","nc14","nc15","nc16","nc17","nc18","pro1","pro2","pro3","pro4","pro5","pro6","pro7","pro8","pro9","pro10","pro11","pro12","pro13","pro14","pro15","pro16","pro17","pro18","pro19","pro20","pro21","pro22"
"1","NONHSAT000004.1","sp|Q15910|EZH2_HUMAN Histone-lysine N-methyltransferase EZH2 OS=Homo sapiens GN=EZH2 PE=1 SV=2",0.01718946,0.01841728,0.03499284,0.01166428,0.03499284,0.03744847,0.00613909,0.03069547,0.0263981,0.0325372,0.03376502,0.02332856,0.00429737,0.02087292,0.04051802,0.01411992,0.28503315,0.32759001,0.03955617,0.03280268,0.05113359,0.05981665,0.02990832,0.03666182,0.01640134,0.03569703,0.05788708,0.04052095,0.0125422,0.0376266,0.04438009,0.03183789,0.0501688,0.04823923,0.03280268,0.03376746,0.00675349,0.02122526,0.13663304,0.14363763
