"","ncRNA","protein","nc1","nc2","nc3","nc4","nc5","nc6","nc7","nc8","nc9","nc10","nc11","nc12","nc13","nc14","nc15","nc16","pro1","pro2","pro3","pro4","pro5","pro6","pro7","pro8","pro9","pro10","pro11","pro12","pro13","pro14","pro15","pro16","pro17","pro18","pro19","pro20","pro21","pro22"
"1","NONHSAT000004.1","sp|Q15910|EZH2_HUMAN Histone-lysine N-methyltransferase EZH2 OS=Homo sapiens GN=EZH2 PE=1 SV=2",0.04437401,0.04754358,0.09033281,0.03011094,0.09033281,0.09667195,0.01584786,0.0792393,0.0681458,0.08399366,0.08716323,0.06022187,0.0110935,0.05388273,0.10459588,0.03645008,0.03955617,0.03280268,0.05113359,0.05981665,0.02990832,0.03666182,0.01640134,0.03569703,0.05788708,0.04052095,0.0125422,0.0376266,0.04438009,0.03183789,0.0501688,0.04823923,0.03280268,0.03376746,0.00675349,0.02122526,0.13663304,0.14363763
