"","ncRNA","protein","nc1","nc2","nc3","nc4","nc5","nc6","nc7","nc8","nc9","nc10","nc11","nc12","nc13","nc14","nc15","nc16","nc17","nc18","nc19","nc20","nc21","nc22","nc23","nc24","nc25","nc26","nc27","nc28","nc29","nc30","nc31","nc32","nc33","nc34","nc35","nc36","nc37","nc38","nc39","nc40","nc41","nc42","nc43","nc44","pro1","pro2","pro3","pro4","pro5","pro6","pro7","pro8","pro9","pro10","pro11","pro12","pro13","pro14","pro15","pro16","pro17","pro18","pro19","pro20","pro21","pro22"
"1"," RNA: "," Protein:",0.06389155,0.20674603,0.0130327,0.12667063,5.3967381,26.72142857,13.10770635,0.83161706,0.35019841,0.00926399,5.26581351,0.31666667,29.23542063,0.29045673,0.33427976,0.19246032,0.43433667,2.93018651,0.1531746,0.00342063,0.22539683,0.32162698,0.09830688,0.02214171,0.00344477,-0.00083333,8.83714573,41.94887279,22.68593398,2.81548913,0.10688406,0.00168698,5.46983215,0.13285024,35.41692029,0.43791359,0.2136715,0.0462963,0.27074777,3.62602254,0.02495974,0.00149436,0.06924316,0.08272947,0.04368992,0,0.02184496,0.03640826,0.02184496,0.05097157,0.03640826,0.03640826,0.02912661,0.05097157,0.01456331,0.05097157,0.02912661,0.06553488,0.02912661,0.10194314,0.03640826,0.06553488,0,0.02184496,0.12364706,0.13362435
