"","ncRNA","protein","nc1","nc2","nc3","nc4","nc5","nc6","nc7","nc8","nc9","nc10","nc11","nc12","nc13","nc14","nc15","nc16","nc17","nc18","pro1","pro2","pro3","pro4","pro5","pro6","pro7","pro8","pro9","pro10","pro11","pro12","pro13","pro14","pro15","pro16","pro17","pro18","pro19","pro20","pro21","pro22"
"1"," RNA: "," Protein:",0.02723396,0.01634038,0.02178717,0.03812754,0.03268075,0.02178717,0.01634038,0.01634038,0.03812754,0.02178717,0.01089358,0.01089358,0.00544679,0.02723396,0.02723396,0.05446792,0.30135586,0.31192191,0.04368992,0,0.02184496,0.03640826,0.02184496,0.05097157,0.03640826,0.03640826,0.02912661,0.05097157,0.01456331,0.05097157,0.02912661,0.06553488,0.02912661,0.10194314,0.03640826,0.06553488,0,0.02184496,0.12364706,0.13362435
