"","ncRNA","protein","nc1","nc2","nc3","nc4","nc5","nc6","nc7","nc8","nc9","nc10","nc11","nc12","nc13","nc14","nc15","nc16","nc17","nc18","nc19","nc20","nc21","nc22","nc23","nc24","nc25","nc26","nc27","nc28","nc29","nc30","nc31","nc32","nc33","nc34","nc35","nc36","nc37","nc38","nc39","nc40","nc41","nc42","nc43","nc44","pro1","pro2","pro3","pro4","pro5","pro6","pro7","pro8","pro9","pro10","pro11","pro12","pro13","pro14","pro15","pro16","pro17","pro18","pro19","pro20","pro21","pro22"
"1","lncRNA1","p1test",0.02601995,0.31450973,0.01806812,0.0293405,1.64881816,3.30183692,9.90896777,0.01063684,0.50536994,0.01372456,2.9631254,0.25447069,13.2739479,0.03879837,0.25428175,0.48767921,0.35528095,2.23506644,0.31362007,-0.0013433,0.31361047,0.31451613,0.00052726,0.00268659,0.01020447,-0.09915639,0.83309576,5.59393434,-17.84308733,-0.33165417,0.3195595,0.00786343,-3.07829001,-0.36987048,-11.22015373,0.05773833,-0.41601722,0.17594255,-0.48403646,-3.84644659,0.00089767,-0.00123945,0.0017793,0.00179533,0.02922564,0.00584513,0.05845128,0.0321482,0.02045795,0.10228974,0.00876769,0.02045795,0.02338051,0.01753538,0.00876769,0.02045795,0.04968359,0.00292256,0.12567025,0.08183179,0.02045795,0.04968359,0.00292256,0.04383846,0.14467579,0.13052835
