"","ncRNA","protein","nc1","nc2","nc3","nc4","nc5","nc6","nc7","nc8","nc9","nc10","nc11","nc12","nc13","nc14","nc15","nc16","nc17","nc18","nc19","nc20","nc21","nc22","nc23","nc24","nc25","nc26","nc27","nc28","nc29","nc30","nc31","nc32","nc33","nc34","nc35","nc36","nc37","nc38","nc39","nc40","nc41","nc42","nc43","nc44","pro1","pro2","pro3","pro4","pro5","pro6","pro7","pro8","pro9","pro10","pro11","pro12","pro13","pro14","pro15","pro16","pro17","pro18","pro19","pro20","pro21","pro22"
"1","n363337","Q07955",0.01484492,0.14766097,0.01387969,0.00505803,0.85673699,4.06073225,-2.14218292,-0.31889919,0.37835053,0.00917149,1.40146719,0.15804021,6.19198157,0.04857124,0.13230917,0.17980806,0.18545014,0.26328225,0.25740921,0.00056487,0.27430453,0.10886568,0.01673558,-0.00925906,0.00209781,-0.00201501,1.04853974,6.46983918,1.86485322,0.7246897,0.08174248,0.00152069,0.67417603,0.00038138,4.66359959,0.07294978,-0.0040386,-0.00523338,0.01899514,0.20831764,0.03077526,0.00011965,0.0109223,0.00519101,0.02922564,0.00584513,0.05845128,0.0321482,0.02045795,0.10228974,0.00876769,0.02045795,0.02338051,0.01753538,0.00876769,0.02045795,0.04968359,0.00292256,0.12567025,0.08183179,0.02045795,0.04968359,0.00292256,0.04383846,0.14467579,0.13052835
