"","ncRNA","protein","nc1","nc2","nc3","nc4","nc5","nc6","nc7","nc8","nc9","nc10","nc11","nc12","nc13","nc14","nc15","nc16","pro1","pro2","pro3","pro4","pro5","pro6","pro7","pro8","pro9","pro10","pro11","pro12","pro13","pro14","pro15","pro16","pro17","pro18","pro19","pro20","pro21","pro22"
"1","n363337","Q07955",0.05882353,0.05626598,0.10741688,0.01534527,0.0971867,0.15345269,0.03836317,0.05626598,0.06649616,0.08695652,0.11764706,0.02813299,0.01790281,0.04859335,0.03580563,0.01534527,0.03481962,0.00633084,0.06014298,0.0316542,0.00949626,0.06647382,0.00949626,0.02848878,0.04431588,0.0316542,0.0158271,0.02532336,0.05381214,0.00316542,0.09812801,0.05697756,0.04431588,0.05697756,0.00316542,0.04431588,0.13852203,0.13659684
