"","ncRNA","protein","nc1","nc2","nc3","nc4","nc5","nc6","nc7","nc8","nc9","nc10","nc11","nc12","nc13","nc14","nc15","nc16","nc17","nc18","nc19","nc20","nc21","nc22","nc23","nc24","nc25","nc26","nc27","nc28","nc29","nc30","nc31","nc32","nc33","nc34","nc35","nc36","nc37","nc38","nc39","nc40","nc41","nc42","nc43","nc44","pro1","pro2","pro3","pro4","pro5","pro6","pro7","pro8","pro9","pro10","pro11","pro12","pro13","pro14","pro15","pro16","pro17","pro18","pro19","pro20","pro21","pro22"
"1","n363337","Q07955",0.01978789,0.19166013,0.01462972,0.03539927,1.04026871,4.56739273,1.14848823,-0.14645552,0.39761905,0.00923067,2.0884349,0.21098901,9.58459799,0.05444831,0.18572992,0.19510727,0.25535206,0.87388233,0.26388017,0.0007203,0.3026426,0.10540293,0.02031558,0.03142542,0.00331165,0.0410111,1.32130004,7.18400136,2.53801853,0.79880095,0.11125466,0.00183282,1.19308095,0.03633729,7.22089148,0.08141568,0.03414918,-0.01167305,0.07484669,0.44122292,0.02596926,0.0006821,0.04298043,0.00284613,0.03481962,0.00633084,0.06014298,0.0316542,0.00949626,0.06647382,0.00949626,0.02848878,0.04431588,0.0316542,0.0158271,0.02532336,0.05381214,0.00316542,0.09812801,0.05697756,0.04431588,0.05697756,0.00316542,0.04431588,0.13852203,0.13659684
