"","ncRNA","protein","nc1","nc2","nc3","nc4","nc5","nc6","nc7","nc8","nc9","nc10","nc11","nc12","nc13","nc14","nc15","nc16","nc17","nc18","pro1","pro2","pro3","pro4","pro5","pro6","pro7","pro8","pro9","pro10","pro11","pro12","pro13","pro14","pro15","pro16","pro17","pro18","pro19","pro20","pro21","pro22"
"1","n363337","Q07955",0.02446821,0.02340438,0.04468108,0.00638301,0.04042574,0.06383012,0.01595753,0.02340438,0.02765972,0.0361704,0.04893642,0.01170219,0.00744685,0.02021287,0.01489369,0.00638301,0.2771031,0.3069373,0.03481962,0.00633084,0.06014298,0.0316542,0.00949626,0.06647382,0.00949626,0.02848878,0.04431588,0.0316542,0.0158271,0.02532336,0.05381214,0.00316542,0.09812801,0.05697756,0.04431588,0.05697756,0.00316542,0.04431588,0.13852203,0.13659684
