"","ncRNA","protein","nc1","nc2","nc3","nc4","nc5","nc6","nc7","nc8","nc9","nc10","nc11","nc12","nc13","nc14","nc15","nc16","nc17","nc18","nc19","nc20","nc21","nc22","nc23","nc24","nc25","nc26","nc27","nc28","nc29","nc30","nc31","nc32","nc33","nc34","nc35","nc36","nc37","nc38","nc39","nc40","nc41","nc42","nc43","nc44","pro1","pro2","pro3","pro4","pro5","pro6","pro7","pro8","pro9","pro10","pro11","pro12","pro13","pro14","pro15","pro16","pro17","pro18","pro19","pro20","pro21","pro22"
"1","test RNA 1","test Protein 1",0.04842644,0.00608974,-4.88e-05,-0.0355609,5.06760577,24.15641026,13.95184135,-1.02089744,0.025,-0.00021167,2.47096756,0.02516026,15.53723077,0.24474002,0.05499359,-0.04503205,0.11394627,2.03074679,0.00641026,-0.00267292,0.00608974,0.00641026,0.07698234,-0.24058442,-0.00039528,-0.08019481,9.24341883,41.40016234,-33.78849838,5.13456006,0.0375,-0.00030181,1.6697387,-0.46883117,25.20523539,0.37952403,-0.60940909,-0.03961039,-0.49650208,-6.59219805,-0.24058442,0.0007376,-0.24058442,-0.24058442,0.03751785,0.03751785,0.03751785,0.03751785,0.03751785,0.03751785,0.03751785,0.03751785,0.03751785,0.03751785,0.03751785,0.03751785,0.03751785,0.03751785,0.03751785,0.03751785,0.03751785,0.03751785,0.03751785,0.03751785,0.11681246,0.13283056
