"","ncRNA","protein","nc1","nc2","nc3","nc4","nc5","nc6","nc7","nc8","nc9","nc10","nc11","nc12","nc13","nc14","nc15","nc16","nc17","nc18","pro1","pro2","pro3","pro4","pro5","pro6","pro7","pro8","pro9","pro10","pro11","pro12","pro13","pro14","pro15","pro16","pro17","pro18","pro19","pro20","pro21","pro22"
"1","test RNA 1","test Protein 1",0,0,0,0.06945897,0.06598602,0,0,0,0,0.06945897,0,0,0,0,0.06945897,0,0.28588535,0.43975172,0.03751785,0.03751785,0.03751785,0.03751785,0.03751785,0.03751785,0.03751785,0.03751785,0.03751785,0.03751785,0.03751785,0.03751785,0.03751785,0.03751785,0.03751785,0.03751785,0.03751785,0.03751785,0.03751785,0.03751785,0.11681246,0.13283056
