"","ncRNA","protein","nc1","nc2","nc3","nc4","nc5","nc6","nc7","nc8","nc9","nc10","nc11","nc12","nc13","nc14","nc15","nc16","nc17","nc18","nc19","nc20","nc21","nc22","nc23","nc24","nc25","nc26","nc27","nc28","nc29","nc30","nc31","nc32","nc33","nc34","nc35","nc36","nc37","nc38","nc39","nc40","nc41","nc42","nc43","nc44","pro1","pro2","pro3","pro4","pro5","pro6","pro7","pro8","pro9","pro10","pro11","pro12","pro13","pro14","pro15","pro16","pro17","pro18","pro19","pro20","pro21","pro22"
"1","l1test","p1test",0.00594013,0.2661533,0.01331219,0.0670135,0.05433995,0.01626939,-0.46139055,-0.97373449,0.32751947,0.00947781,1.87540457,0.20195294,7.6518204,0.00289433,0.17856294,0.20558032,0.24193865,0.62334596,0.15955165,0.00134725,0.14567108,0.25261173,0.00151019,0.03000337,0.00277201,-0.00533459,0.08903784,0.39174646,-1.21289264,0.16149634,0.08347913,0.0021287,-0.03986983,0.00120012,0.03892371,0.00510491,-0.01378361,0.03779446,-0.00626094,-0.23991756,0.02849018,-0.00061519,0.00258483,0.04514215,0.02922564,0.00584513,0.05845128,0.0321482,0.02045795,0.10228974,0.00876769,0.02045795,0.02338051,0.01753538,0.00876769,0.02045795,0.04968359,0.00292256,0.12567025,0.08183179,0.02045795,0.04968359,0.00292256,0.04383846,0.14467579,0.13052835
