"","ncRNA","protein","nc1","nc2","nc3","nc4","nc5","nc6","nc7","nc8","nc9","nc10","nc11","nc12","nc13","nc14","nc15","nc16","nc17","nc18","pro1","pro2","pro3","pro4","pro5","pro6","pro7","pro8","pro9","pro10","pro11","pro12","pro13","pro14","pro15","pro16","pro17","pro18","pro19","pro20","pro21","pro22"
"1","n363337","Q07955",0.01524744,0.02573005,0.04764825,0.00571779,0.04383639,0.05813086,0.01334151,0.02668302,0.03144784,0.0352597,0.04669528,0.01334151,0.00476482,0.02191819,0.0190593,0.00571779,0.28611281,0.29934745,0.02922564,0.00584513,0.05845128,0.0321482,0.02045795,0.10228974,0.00876769,0.02045795,0.02338051,0.01753538,0.00876769,0.02045795,0.04968359,0.00292256,0.12567025,0.08183179,0.02045795,0.04968359,0.00292256,0.04383846,0.14467579,0.13052835
